name,type,is_core,industry,betweenness,pagerank,id
45.114.xxx.xxx,IP,True,,0.0,0.25675708783778944,IP_36b2ba5b0800d154ef3add5672b7561af9535edd92d2c3323c64880498b45a05
45.114.xxx.xxx,IP,True,,0.0,0.25675708783778944,IP_f9b588fa3410ab89fa0e50b011c9ac8ddfa4a3125ea3df13fa4598faa5e15f8a
9be5aee5cc.com,Domain,False,[],1.0,0.48648582432442095,Domain_9be5aee5cc57eca3293a22003b6e9a8d20afe217956a765930c53837c13f3772
